date,open,High,Low,Close,adj_close,Volume
1927-12-30,17.660000,17.660000,17.660000,17.660000,17.660000,0
1928-01-03,17.760000,17.760000,17.760000,17.760000,17.760000,0
1928-01-04,17.719999,17.719999,17.719999,17.719999,17.719999,0
1928-01-05,17.549999,17.549999,17.549999,17.549999,17.549999,0
1928-01-06,17.660000,17.660000,17.660000,17.660000,17.660000,0
1928-01-09,17.500000,17.500000,17.500000,17.500000,17.500000,0
1928-01-10,17.370001,17.370001,17.370001,17.370001,17.370001,0
1928-01-11,17.350000,17.350000,17.350000,17.350000,17.350000,0
1928-01-12,17.469999,17.469999,17.469999,17.469999,17.469999,0
1928-01-13,17.580000,17.580000,17.580000,17.580000,17.580000,0
1928-01-16,17.290001,17.290001,17.290001,17.290001,17.290001,0
1928-01-17,17.299999,17.299999,17.299999,17.299999,17.299999,0
1928-01-18,17.260000,17.260000,17.260000,17.260000,17.260000,0
1928-01-19,17.379999,17.379999,17.379999,17.379999,17.379999,0
1928-01-20,17.480000,17.480000,17.480000,17.480000,17.480000,0
1928-01-23,17.639999,17.639999,17.639999,17.639999,17.639999,0
1928-01-24,17.709999,17.709999,17.709999,17.709999,17.709999,0
1928-01-25,17.520000,17.520000,17.520000,17.520000,17.520000,0
1928-01-26,17.629999,17.629999,17.629999,17.629999,17.629999,0
1928-01-27,17.690001,17.690001,17.690001,17.690001,17.690001,0
1928-01-30,17.490000,17.490000,17.490000,17.490000,17.490000,0
1928-01-31,17.570000,17.570000,17.570000,17.570000,17.570000,0
1928-02-01,17.530001,17.530001,17.530001,17.530001,17.530001,0
1928-02-02,17.629999,17.629999,17.629999,17.629999,17.629999,0
1928-02-03,17.400000,17.400000,17.400000,17.400000,17.400000,0
1928-02-06,17.450001,17.450001,17.450001,17.450001,17.450001,0
1928-02-07,17.440001,17.440001,17.440001,17.440001,17.440001,0
1928-02-08,17.490000,17.490000,17.490000,17.490000,17.490000,0
1928-02-09,17.549999,17.549999,17.549999,17.549999,17.549999,0
1928-02-10,17.540001,17.540001,17.540001,17.540001,17.540001,0
1928-02-14,17.440001,17.440001,17.440001,17.440001,17.440001,0
1928-02-15,17.400000,17.400000,17.400000,17.400000,17.400000,0
1928-02-16,17.350000,17.350000,17.350000,17.350000,17.350000,0
1928-02-17,17.040001,17.040001,17.040001,17.040001,17.040001,0
1928-02-20,16.950001,16.950001,16.950001,16.950001,16.950001,0
1928-02-21,17.110001,17.110001,17.110001,17.110001,17.110001,0
1928-02-23,17.129999,17.129999,17.129999,17.129999,17.129999,0
1928-02-24,17.180000,17.180000,17.180000,17.180000,17.180000,0
1928-02-27,17.110001,17.110001,17.110001,17.110001,17.110001,0
1928-02-28,17.160000,17.160000,17.160000,17.160000,17.160000,0
1928-02-29,17.260000,17.260000,17.260000,17.260000,17.260000,0
1928-03-01,17.299999,17.299999,17.299999,17.299999,17.299999,0
1928-03-02,17.299999,17.299999,17.299999,17.299999,17.299999,0
1928-03-05,17.570000,17.570000,17.570000,17.570000,17.570000,0
1928-03-06,17.670000,17.670000,17.670000,17.670000,17.670000,0
1928-03-07,17.580000,17.580000,17.580000,17.580000,17.580000,0
1928-03-08,17.639999,17.639999,17.639999,17.639999,17.639999,0
1928-03-09,17.930000,17.930000,17.930000,17.930000,17.930000,0
1928-03-12,18.000000,18.000000,18.000000,18.000000,18.000000,0
1928-03-13,17.920000,17.920000,17.920000,17.920000,17.920000,0
1928-03-14,17.930000,17.930000,17.930000,17.930000,17.930000,0
1928-03-15,18.070000,18.070000,18.070000,18.070000,18.070000,0
1928-03-16,18.260000,18.260000,18.260000,18.260000,18.260000,0
1928-03-19,18.360001,18.360001,18.360001,18.360001,18.360001,0
1928-03-20,18.459999,18.459999,18.459999,18.459999,18.459999,0
1928-03-21,18.650000,18.650000,18.650000,18.650000,18.650000,0
1928-03-22,18.600000,18.600000,18.600000,18.600000,18.600000,0
1928-03-23,18.780001,18.780001,18.780001,18.780001,18.780001,0
1928-03-26,19.049999,19.049999,19.049999,19.049999,19.049999,0
1928-03-27,18.940001,18.940001,18.940001,18.940001,18.940001,0
1928-03-28,18.889999,18.889999,18.889999,18.889999,18.889999,0
1928-03-29,18.950001,18.950001,18.950001,18.950001,18.950001,0
1928-03-30,19.280001,19.280001,19.280001,19.280001,19.280001,0
1928-04-02,18.910000,18.910000,18.910000,18.910000,18.910000,0
1928-04-03,19.020000,19.020000,19.020000,19.020000,19.020000,0
1928-04-04,18.990000,18.990000,18.990000,18.990000,18.990000,0
1928-04-05,19.230000,19.230000,19.230000,19.230000,19.230000,0
1928-04-09,19.270000,19.270000,19.270000,19.270000,19.270000,0
1928-04-10,19.100000,19.100000,19.100000,19.100000,19.100000,0
1928-04-11,19.440001,19.440001,19.440001,19.440001,19.440001,0
1928-04-12,19.410000,19.410000,19.410000,19.410000,19.410000,0
1928-04-13,19.730000,19.730000,19.730000,19.730000,19.730000,0
1928-04-16,19.680000,19.680000,19.680000,19.680000,19.680000,0
1928-04-17,19.520000,19.520000,19.520000,19.520000,19.520000,0
1928-04-18,19.520000,19.520000,19.520000,19.520000,19.520000,0
1928-04-19,19.629999,19.629999,19.629999,19.629999,19.629999,0
1928-04-20,19.340000,19.340000,19.340000,19.340000,19.340000,0
1928-04-23,19.150000,19.150000,19.150000,19.150000,19.150000,0
1928-04-24,19.250000,19.250000,19.250000,19.250000,19.250000,0
1928-04-25,19.330000,19.330000,19.330000,19.330000,19.330000,0
1928-04-26,19.469999,19.469999,19.469999,19.469999,19.469999,0
1928-04-27,19.680000,19.680000,19.680000,19.680000,19.680000,0
1928-04-30,19.750000,19.750000,19.750000,19.750000,19.750000,0
1928-05-01,19.780001,19.780001,19.780001,19.780001,19.780001,0
1928-05-02,19.830000,19.830000,19.830000,19.830000,19.830000,0
1928-05-03,19.930000,19.930000,19.930000,19.930000,19.930000,0
1928-05-04,20.240000,20.240000,20.240000,20.240000,20.240000,0
1928-05-07,20.410000,20.410000,20.410000,20.410000,20.410000,0
1928-05-08,20.270000,20.270000,20.270000,20.270000,20.270000,0
1928-05-09,20.240000,20.240000,20.240000,20.240000,20.240000,0
1928-05-10,20.209999,20.209999,20.209999,20.209999,20.209999,0
1928-05-11,20.360001,20.360001,20.360001,20.360001,20.360001,0
1928-05-14,20.440001,20.440001,20.440001,20.440001,20.440001,0
1928-05-15,20.389999,20.389999,20.389999,20.389999,20.389999,0
1928-05-16,20.049999,20.049999,20.049999,20.049999,20.049999,0
1928-05-17,20.120001,20.120001,20.120001,20.120001,20.120001,0
1928-05-18,19.920000,19.920000,19.920000,19.920000,19.920000,0
1928-05-21,19.629999,19.629999,19.629999,19.629999,19.629999,0
1928-05-22,19.360001,19.360001,19.360001,19.360001,19.360001,0
1928-05-23,19.750000,19.750000,19.750000,19.750000,19.750000,0
1928-05-24,19.870001,19.870001,19.870001,19.870001,19.870001,0
1928-05-25,19.900000,19.900000,19.900000,19.900000,19.900000,0
1928-05-28,19.570000,19.570000,19.570000,19.570000,19.570000,0
1928-05-29,19.820000,19.820000,19.820000,19.820000,19.820000,0
1928-05-31,20.000000,20.000000,20.000000,20.000000,20.000000,0
1928-06-01,20.070000,20.070000,20.070000,20.070000,20.070000,0
1928-06-04,19.799999,19.799999,19.799999,19.799999,19.799999,0
1928-06-05,19.850000,19.850000,19.850000,19.850000,19.850000,0
1928-06-06,19.660000,19.660000,19.660000,19.660000,19.660000,0
1928-06-07,19.610001,19.610001,19.610001,19.610001,19.610001,0
1928-06-08,19.370001,19.370001,19.370001,19.370001,19.370001,0
1928-06-11,18.680000,18.680000,18.680000,18.680000,18.680000,0
1928-06-12,18.340000,18.340000,18.340000,18.340000,18.340000,0
1928-06-13,18.889999,18.889999,18.889999,18.889999,18.889999,0
1928-06-14,19.049999,19.049999,19.049999,19.049999,19.049999,0
1928-06-15,18.740000,18.740000,18.740000,18.740000,18.740000,0
1928-06-18,18.400000,18.400000,18.400000,18.400000,18.400000,0
1928-06-19,18.340000,18.340000,18.340000,18.340000,18.340000,0
1928-06-20,18.570000,18.570000,18.570000,18.570000,18.570000,0
1928-06-21,18.559999,18.559999,18.559999,18.559999,18.559999,0
1928-06-22,18.540001,18.540001,18.540001,18.540001,18.540001,0
1928-06-25,18.469999,18.469999,18.469999,18.469999,18.469999,0
1928-06-26,18.680000,18.680000,18.680000,18.680000,18.680000,0
1928-06-27,18.860001,18.860001,18.860001,18.860001,18.860001,0
1928-06-28,19.070000,19.070000,19.070000,19.070000,19.070000,0
1928-06-29,19.139999,19.139999,19.139999,19.139999,19.139999,0
1928-07-02,18.980000,18.980000,18.980000,18.980000,18.980000,0
1928-07-03,19.290001,19.290001,19.290001,19.290001,19.290001,0
1928-07-05,19.480000,19.480000,19.480000,19.480000,19.480000,0
1928-07-06,19.389999,19.389999,19.389999,19.389999,19.389999,0
1928-07-09,19.459999,19.459999,19.459999,19.459999,19.459999,0
1928-07-10,19.430000,19.430000,19.430000,19.430000,19.430000,0
1928-07-11,18.950001,18.950001,18.950001,18.950001,18.950001,0
1928-07-12,18.809999,18.809999,18.809999,18.809999,18.809999,0
1928-07-13,18.959999,18.959999,18.959999,18.959999,18.959999,0
1928-07-16,18.700001,18.700001,18.700001,18.700001,18.700001,0
1928-07-17,18.799999,18.799999,18.799999,18.799999,18.799999,0
1928-07-18,19.030001,19.030001,19.030001,19.030001,19.030001,0
1928-07-19,18.990000,18.990000,18.990000,18.990000,18.990000,0
1928-07-20,19.030001,19.030001,19.030001,19.030001,19.030001,0
1928-07-23,19.120001,19.120001,19.120001,19.120001,19.120001,0
1928-07-24,19.090000,19.090000,19.090000,19.090000,19.090000,0
1928-07-25,19.200001,19.200001,19.200001,19.200001,19.200001,0
1928-07-26,19.240000,19.240000,19.240000,19.240000,19.240000,0
1928-07-27,19.420000,19.420000,19.420000,19.420000,19.420000,0
1928-07-30,19.469999,19.469999,19.469999,19.469999,19.469999,0
1928-07-31,19.430000,19.430000,19.430000,19.430000,19.430000,0
1928-08-01,19.420000,19.420000,19.420000,19.420000,19.420000,0
1928-08-02,19.330000,19.330000,19.330000,19.330000,19.330000,0
1928-08-03,19.360001,19.360001,19.360001,19.360001,19.360001,0
1928-08-06,19.580000,19.580000,19.580000,19.580000,19.580000,0
1928-08-07,19.490000,19.490000,19.490000,19.490000,19.490000,0
1928-08-08,19.250000,19.250000,19.250000,19.250000,19.250000,0
1928-08-09,19.299999,19.299999,19.299999,19.299999,19.299999,0
1928-08-10,19.250000,19.250000,19.250000,19.250000,19.250000,0
1928-08-13,19.290001,19.290001,19.290001,19.290001,19.290001,0
1928-08-14,19.129999,19.129999,19.129999,19.129999,19.129999,0
1928-08-15,19.469999,19.469999,19.469999,19.469999,19.469999,0
1928-08-16,19.610001,19.610001,19.610001,19.610001,19.610001,0
1928-08-17,19.639999,19.639999,19.639999,19.639999,19.639999,0
1928-08-20,19.770000,19.770000,19.770000,19.770000,19.770000,0
1928-08-21,20.020000,20.020000,20.020000,20.020000,20.020000,0
1928-08-22,20.000000,20.000000,20.000000,20.000000,20.000000,0
1928-08-23,20.020000,20.020000,20.020000,20.020000,20.020000,0
1928-08-24,20.340000,20.340000,20.340000,20.340000,20.340000,0
1928-08-27,20.379999,20.379999,20.379999,20.379999,20.379999,0
1928-08-28,20.540001,20.540001,20.540001,20.540001,20.540001,0
1928-08-29,20.580000,20.580000,20.580000,20.580000,20.580000,0
1928-08-30,20.610001,20.610001,20.610001,20.610001,20.610001,0
1928-08-31,20.870001,20.870001,20.870001,20.870001,20.870001,0
1928-09-04,20.969999,20.969999,20.969999,20.969999,20.969999,0
1928-09-05,21.070000,21.070000,21.070000,21.070000,21.070000,0
1928-09-06,20.940001,20.940001,20.940001,20.940001,20.940001,0
1928-09-07,21.090000,21.090000,21.090000,21.090000,21.090000,0
1928-09-10,20.920000,20.920000,20.920000,20.920000,20.920000,0
1928-09-11,21.080000,21.080000,21.080000,21.080000,21.080000,0
1928-09-12,21.160000,21.160000,21.160000,21.160000,21.160000,0
1928-09-13,21.139999,21.139999,21.139999,21.139999,21.139999,0
1928-09-14,21.139999,21.139999,21.139999,21.139999,21.139999,0
1928-09-17,21.330000,21.330000,21.330000,21.330000,21.330000,0
1928-09-18,21.180000,21.180000,21.180000,21.180000,21.180000,0
1928-09-19,21.180000,21.180000,21.180000,21.180000,21.180000,0
1928-09-20,21.219999,21.219999,21.219999,21.219999,21.219999,0
1928-09-21,21.360001,21.360001,21.360001,21.360001,21.360001,0
1928-09-24,21.430000,21.430000,21.430000,21.430000,21.430000,0
1928-09-25,21.410000,21.410000,21.410000,21.410000,21.410000,0
1928-09-26,21.400000,21.400000,21.400000,21.400000,21.400000,0
1928-09-27,21.129999,21.129999,21.129999,21.129999,21.129999,0
1928-09-28,21.139999,21.139999,21.139999,21.139999,21.139999,0
1928-10-01,21.360001,21.360001,21.360001,21.360001,21.360001,0
1928-10-02,21.260000,21.260000,21.260000,21.260000,21.260000,0
1928-10-03,21.190001,21.190001,21.190001,21.190001,21.190001,0
1928-10-04,21.260000,21.260000,21.260000,21.260000,21.260000,0
1928-10-05,21.219999,21.219999,21.219999,21.219999,21.219999,0
1928-10-08,21.110001,21.110001,21.110001,21.110001,21.110001,0
1928-10-09,21.180000,21.180000,21.180000,21.180000,21.180000,0
1928-10-10,21.410000,21.410000,21.410000,21.410000,21.410000,0
1928-10-11,21.510000,21.510000,21.510000,21.510000,21.510000,0
1928-10-15,21.650000,21.650000,21.650000,21.650000,21.650000,0
1928-10-16,21.719999,21.719999,21.719999,21.719999,21.719999,0
1928-10-17,21.790001,21.790001,21.790001,21.790001,21.790001,0
1928-10-18,21.840000,21.840000,21.840000,21.840000,21.840000,0
1928-10-19,21.959999,21.959999,21.959999,21.959999,21.959999,0
1928-10-22,21.809999,21.809999,21.809999,21.809999,21.809999,0
1928-10-23,21.950001,21.950001,21.950001,21.950001,21.950001,0
1928-10-24,21.990000,21.990000,21.990000,21.990000,21.990000,0
1928-10-25,21.910000,21.910000,21.910000,21.910000,21.910000,0
1928-10-26,21.650000,21.650000,21.650000,21.650000,21.650000,0
1928-10-29,22.000000,22.000000,22.000000,22.000000,22.000000,0
1928-10-30,21.760000,21.760000,21.760000,21.760000,21.760000,0
1928-10-31,21.680000,21.680000,21.680000,21.680000,21.680000,0
1928-11-01,21.990000,21.990000,21.990000,21.990000,21.990000,0
1928-11-02,21.950001,21.950001,21.950001,21.950001,21.950001,0
1928-11-05,22.240000,22.240000,22.240000,22.240000,22.240000,0
1928-11-07,22.240000,22.240000,22.240000,22.240000,22.240000,0
1928-11-08,22.389999,22.389999,22.389999,22.389999,22.389999,0
1928-11-09,22.549999,22.549999,22.549999,22.549999,22.549999,0
1928-11-12,22.840000,22.840000,22.840000,22.840000,22.840000,0
1928-11-13,22.910000,22.910000,22.910000,22.910000,22.910000,0
1928-11-14,22.910000,22.910000,22.910000,22.910000,22.910000,0
1928-11-15,23.030001,23.030001,23.030001,23.030001,23.030001,0
1928-11-16,23.370001,23.370001,23.370001,23.370001,23.370001,0
1928-11-19,23.370001,23.370001,23.370001,23.370001,23.370001,0
1928-11-20,23.570000,23.570000,23.570000,23.570000,23.570000,0
1928-11-21,23.219999,23.219999,23.219999,23.219999,23.219999,0
1928-11-22,23.520000,23.520000,23.520000,23.520000,23.520000,0
1928-11-23,23.700001,23.700001,23.700001,23.700001,23.700001,0
1928-11-26,23.799999,23.799999,23.799999,23.799999,23.799999,0
1928-11-27,23.910000,23.910000,23.910000,23.910000,23.910000,0
1928-11-28,24.190001,24.190001,24.190001,24.190001,24.190001,0
1928-11-30,24.280001,24.280001,24.280001,24.280001,24.280001,0
1928-12-03,23.850000,23.850000,23.850000,23.850000,23.850000,0
1928-12-04,23.910000,23.910000,23.910000,23.910000,23.910000,0
1928-12-05,23.809999,23.809999,23.809999,23.809999,23.809999,0
1928-12-06,22.910000,22.910000,22.910000,22.910000,22.910000,0
1928-12-07,22.360001,22.360001,22.360001,22.360001,22.360001,0
1928-12-10,22.309999,22.309999,22.309999,22.309999,22.309999,0
1928-12-11,22.740000,22.740000,22.740000,22.740000,22.740000,0
1928-12-12,22.520000,22.520000,22.520000,22.520000,22.520000,0
1928-12-13,22.480000,22.480000,22.480000,22.480000,22.480000,0
1928-12-14,22.530001,22.530001,22.530001,22.530001,22.530001,0
1928-12-17,22.440001,22.440001,22.440001,22.440001,22.440001,0
1928-12-18,22.700001,22.700001,22.700001,22.700001,22.700001,0
1928-12-19,22.980000,22.980000,22.980000,22.980000,22.980000,0
1928-12-20,23.070000,23.070000,23.070000,23.070000,23.070000,0
1928-12-21,23.330000,23.330000,23.330000,23.330000,23.330000,0
1928-12-24,23.540001,23.540001,23.540001,23.540001,23.540001,0
1928-12-26,23.440001,23.440001,23.440001,23.440001,23.440001,0
1928-12-27,23.639999,23.639999,23.639999,23.639999,23.639999,0
1928-12-28,23.980000,23.980000,23.980000,23.980000,23.980000,0
1928-12-31,24.350000,24.350000,24.350000,24.350000,24.350000,0
1929-01-02,24.809999,24.809999,24.809999,24.809999,24.809999,0
1929-01-03,24.860001,24.860001,24.860001,24.860001,24.860001,0
1929-01-04,24.850000,24.850000,24.850000,24.850000,24.850000,0
1929-01-07,24.250000,24.250000,24.250000,24.250000,24.250000,0
1929-01-08,24.170000,24.170000,24.170000,24.170000,24.170000,0
1929-01-09,24.540001,24.540001,24.540001,24.540001,24.540001,0
1929-01-10,24.580000,24.580000,24.580000,24.580000,24.580000,0
1929-01-11,24.540001,24.540001,24.540001,24.540001,24.540001,0
1929-01-14,24.590000,24.590000,24.590000,24.590000,24.590000,0
1929-01-15,24.230000,24.230000,24.230000,24.230000,24.230000,0
1929-01-16,24.559999,24.559999,24.559999,24.559999,24.559999,0
1929-01-17,24.690001,24.690001,24.690001,24.690001,24.690001,0
1929-01-18,24.770000,24.770000,24.770000,24.770000,24.770000,0
1929-01-21,24.860001,24.860001,24.860001,24.860001,24.860001,0
1929-01-22,25.070000,25.070000,25.070000,25.070000,25.070000,0
1929-01-23,25.219999,25.219999,25.219999,25.219999,25.219999,0
1929-01-24,25.059999,25.059999,25.059999,25.059999,25.059999,0
1929-01-25,25.480000,25.480000,25.480000,25.480000,25.480000,0
1929-01-28,25.350000,25.350000,25.350000,25.350000,25.350000,0
1929-01-29,25.360001,25.360001,25.360001,25.360001,25.360001,0
1929-01-30,25.450001,25.450001,25.450001,25.450001,25.450001,0
1929-01-31,25.740000,25.740000,25.740000,25.740000,25.740000,0
1929-02-01,25.840000,25.840000,25.840000,25.840000,25.840000,0
1929-02-04,25.639999,25.639999,25.639999,25.639999,25.639999,0
1929-02-05,25.700001,25.700001,25.700001,25.700001,25.700001,0
1929-02-06,25.490000,25.490000,25.490000,25.490000,25.490000,0
1929-02-07,24.709999,24.709999,24.709999,24.709999,24.709999,0
1929-02-08,24.440001,24.440001,24.440001,24.440001,24.440001,0
1929-02-11,24.980000,24.980000,24.980000,24.980000,24.980000,0
1929-02-13,24.950001,24.950001,24.950001,24.950001,24.950001,0
1929-02-14,24.850000,24.850000,24.850000,24.850000,24.850000,0
1929-02-15,24.350000,24.350000,24.350000,24.350000,24.350000,0
1929-02-18,24.389999,24.389999,24.389999,24.389999,24.389999,0
1929-02-19,24.379999,24.379999,24.379999,24.379999,24.379999,0
1929-02-20,24.590000,24.590000,24.590000,24.590000,24.590000,0
1929-02-21,24.860001,24.860001,24.860001,24.860001,24.860001,0
1929-02-25,24.910000,24.910000,24.910000,24.910000,24.910000,0
1929-02-26,24.950001,24.950001,24.950001,24.950001,24.950001,0
1929-02-27,25.250000,25.250000,25.250000,25.250000,25.250000,0
1929-02-28,25.590000,25.590000,25.590000,25.590000,25.590000,0
1929-03-01,25.830000,25.830000,25.830000,25.830000,25.830000,0
1929-03-04,25.490000,25.490000,25.490000,25.490000,25.490000,0
1929-03-05,25.320000,25.320000,25.320000,25.320000,25.320000,0
1929-03-06,24.920000,24.920000,24.920000,24.920000,24.920000,0
1929-03-07,25.150000,25.150000,25.150000,25.150000,25.150000,0
1929-03-08,25.309999,25.309999,25.309999,25.309999,25.309999,0
1929-03-11,24.950001,24.950001,24.950001,24.950001,24.950001,0
1929-03-12,24.969999,24.969999,24.969999,24.969999,24.969999,0
1929-03-13,25.240000,25.240000,25.240000,25.240000,25.240000,0
1929-03-14,25.730000,25.730000,25.730000,25.730000,25.730000,0
1929-03-15,26.080000,26.080000,26.080000,26.080000,26.080000,0
1929-03-18,26.040001,26.040001,26.040001,26.040001,26.040001,0
1929-03-19,26.030001,26.030001,26.030001,26.030001,26.030001,0
1929-03-20,26.020000,26.020000,26.020000,26.020000,26.020000,0
1929-03-21,25.900000,25.900000,25.900000,25.900000,25.900000,0
1929-03-22,25.549999,25.549999,25.549999,25.549999,25.549999,0
1929-03-25,24.510000,24.510000,24.510000,24.510000,24.510000,0
1929-03-26,24.350000,24.350000,24.350000,24.350000,24.350000,0
1929-03-27,25.090000,25.090000,25.090000,25.090000,25.090000,0
1929-03-28,25.530001,25.530001,25.530001,25.530001,25.530001,0
1929-04-01,24.879999,24.879999,24.879999,24.879999,24.879999,0
1929-04-02,25.170000,25.170000,25.170000,25.170000,25.170000,0
1929-04-03,24.860001,24.860001,24.860001,24.860001,24.860001,0
1929-04-04,25.299999,25.299999,25.299999,25.299999,25.299999,0
1929-04-05,25.049999,25.049999,25.049999,25.049999,25.049999,0
1929-04-08,24.830000,24.830000,24.830000,24.830000,24.830000,0
1929-04-09,24.629999,24.629999,24.629999,24.629999,24.629999,0
1929-04-10,24.780001,24.780001,24.780001,24.780001,24.780001,0
1929-04-11,25.059999,25.059999,25.059999,25.059999,25.059999,0
1929-04-12,25.150000,25.150000,25.150000,25.150000,25.150000,0
1929-04-15,25.000000,25.000000,25.000000,25.000000,25.000000,0
1929-04-16,25.059999,25.059999,25.059999,25.059999,25.059999,0
1929-04-17,25.320000,25.320000,25.320000,25.320000,25.320000,0
1929-04-18,25.430000,25.430000,25.430000,25.430000,25.430000,0
1929-04-19,25.410000,25.410000,25.410000,25.410000,25.410000,0
1929-04-22,25.700001,25.700001,25.700001,25.700001,25.700001,0
1929-04-23,25.850000,25.850000,25.850000,25.850000,25.850000,0
1929-04-24,25.750000,25.750000,25.750000,25.750000,25.750000,0
1929-04-25,25.629999,25.629999,25.629999,25.629999,25.629999,0
1929-04-26,25.580000,25.580000,25.580000,25.580000,25.580000,0
1929-04-29,25.530001,25.530001,25.530001,25.530001,25.530001,0
1929-04-30,25.940001,25.940001,25.940001,25.940001,25.940001,0
1929-05-01,25.990000,25.990000,25.990000,25.990000,25.990000,0
1929-05-02,26.110001,26.110001,26.110001,26.110001,26.110001,0
1929-05-03,26.370001,26.370001,26.370001,26.370001,26.370001,0
1929-05-06,26.320000,26.320000,26.320000,26.320000,26.320000,0
1929-05-07,26.070000,26.070000,26.070000,26.070000,26.070000,0
1929-05-08,26.180000,26.180000,26.180000,26.180000,26.180000,0
1929-05-09,26.020000,26.020000,26.020000,26.020000,26.020000,0
1929-05-10,26.340000,26.340000,26.340000,26.340000,26.340000,0
1929-05-13,25.639999,25.639999,25.639999,25.639999,25.639999,0
1929-05-14,25.950001,25.950001,25.950001,25.950001,25.950001,0
1929-05-15,25.840000,25.840000,25.840000,25.840000,25.840000,0
1929-05-16,25.969999,25.969999,25.969999,25.969999,25.969999,0
1929-05-17,26.090000,26.090000,26.090000,26.090000,26.090000,0
1929-05-20,25.389999,25.389999,25.389999,25.389999,25.389999,0
1929-05-21,25.700001,25.700001,25.700001,25.700001,25.700001,0
1929-05-22,24.760000,24.760000,24.760000,24.760000,24.760000,0
1929-05-23,25.309999,25.309999,25.309999,25.309999,25.309999,0
1929-05-24,25.120001,25.120001,25.120001,25.120001,25.120001,0
1929-05-27,24.200001,24.200001,24.200001,24.200001,24.200001,0
1929-05-28,24.590000,24.590000,24.590000,24.590000,24.590000,0
1929-05-29,24.620001,24.620001,24.620001,24.620001,24.620001,0
1929-05-31,24.830000,24.830000,24.830000,24.830000,24.830000,0
1929-06-03,25.270000,25.270000,25.270000,25.270000,25.270000,0
1929-06-04,25.639999,25.639999,25.639999,25.639999,25.639999,0
1929-06-05,25.590000,25.590000,25.590000,25.590000,25.590000,0
1929-06-06,25.639999,25.639999,25.639999,25.639999,25.639999,0
1929-06-07,25.530001,25.530001,25.530001,25.530001,25.530001,0
1929-06-10,25.270000,25.270000,25.270000,25.270000,25.270000,0
1929-06-11,25.430000,25.430000,25.430000,25.430000,25.430000,0
1929-06-12,25.450001,25.450001,25.450001,25.450001,25.450001,0
1929-06-13,25.840000,25.840000,25.840000,25.840000,25.840000,0
1929-06-14,25.930000,25.930000,25.930000,25.930000,25.930000,0
1929-06-17,26.410000,26.410000,26.410000,26.410000,26.410000,0
1929-06-18,26.420000,26.420000,26.420000,26.420000,26.420000,0
1929-06-19,26.320000,26.320000,26.320000,26.320000,26.320000,0
1929-06-20,26.469999,26.469999,26.469999,26.469999,26.469999,0
1929-06-21,26.620001,26.620001,26.620001,26.620001,26.620001,0
1929-06-24,26.620001,26.620001,26.620001,26.620001,26.620001,0
1929-06-25,26.900000,26.900000,26.900000,26.900000,26.900000,0
1929-06-26,27.059999,27.059999,27.059999,27.059999,27.059999,0
1929-06-27,27.110001,27.110001,27.110001,27.110001,27.110001,0
1929-06-28,27.410000,27.410000,27.410000,27.410000,27.410000,0
1929-07-01,27.770000,27.770000,27.770000,27.770000,27.770000,0
1929-07-02,28.059999,28.059999,28.059999,28.059999,28.059999,0
1929-07-03,28.180000,28.180000,28.180000,28.180000,28.180000,0
1929-07-05,28.320000,28.320000,28.320000,28.320000,28.320000,0
1929-07-08,28.370001,28.370001,28.370001,28.370001,28.370001,0
1929-07-09,28.280001,28.280001,28.280001,28.280001,28.280001,0
1929-07-10,28.200001,28.200001,28.200001,28.200001,28.200001,0
1929-07-11,28.260000,28.260000,28.260000,28.260000,28.260000,0
1929-07-12,28.570000,28.570000,28.570000,28.570000,28.570000,0
1929-07-15,28.450001,28.450001,28.450001,28.450001,28.450001,0
1929-07-16,28.650000,28.650000,28.650000,28.650000,28.650000,0
1929-07-17,28.719999,28.719999,28.719999,28.719999,28.719999,0
1929-07-18,28.660000,28.660000,28.660000,28.660000,28.660000,0
1929-07-19,28.760000,28.760000,28.760000,28.760000,28.760000,0
1929-07-22,28.430000,28.430000,28.430000,28.430000,28.430000,0
1929-07-23,28.830000,28.830000,28.830000,28.830000,28.830000,0
1929-07-24,28.639999,28.639999,28.639999,28.639999,28.639999,0
1929-07-25,28.770000,28.770000,28.770000,28.770000,28.770000,0
1929-07-26,28.660000,28.660000,28.660000,28.660000,28.660000,0
1929-07-29,28.180000,28.180000,28.180000,28.180000,28.180000,0
1929-07-30,28.500000,28.500000,28.500000,28.500000,28.500000,0
1929-07-31,28.879999,28.879999,28.879999,28.879999,28.879999,0
1929-08-01,29.080000,29.080000,29.080000,29.080000,29.080000,0
1929-08-02,29.559999,29.559999,29.559999,29.559999,29.559999,0
1929-08-05,29.540001,29.540001,29.540001,29.540001,29.540001,0
1929-08-06,29.430000,29.430000,29.430000,29.430000,29.430000,0
1929-08-07,29.129999,29.129999,29.129999,29.129999,29.129999,0
1929-08-08,29.469999,29.469999,29.469999,29.469999,29.469999,0
1929-08-09,28.379999,28.379999,28.379999,28.379999,28.379999,0
1929-08-12,29.270000,29.270000,29.270000,29.270000,29.270000,0
1929-08-13,29.530001,29.530001,29.530001,29.530001,29.530001,0
1929-08-14,29.620001,29.620001,29.620001,29.620001,29.620001,0
1929-08-15,29.670000,29.670000,29.670000,29.670000,29.670000,0
1929-08-16,30.219999,30.219999,30.219999,30.219999,30.219999,0
1929-08-19,30.500000,30.500000,30.500000,30.500000,30.500000,0
1929-08-20,30.680000,30.680000,30.680000,30.680000,30.680000,0
1929-08-21,30.549999,30.549999,30.549999,30.549999,30.549999,0
1929-08-22,30.790001,30.790001,30.790001,30.790001,30.790001,0
1929-08-23,31.090000,31.090000,31.090000,31.090000,31.090000,0
1929-08-26,31.070000,31.070000,31.070000,31.070000,31.070000,0
1929-08-27,31.049999,31.049999,31.049999,31.049999,31.049999,0
1929-08-28,30.990000,30.990000,30.990000,30.990000,30.990000,0
1929-08-29,31.290001,31.290001,31.290001,31.290001,31.290001,0
1929-08-30,31.709999,31.709999,31.709999,31.709999,31.709999,0
1929-09-03,31.820000,31.820000,31.820000,31.820000,31.820000,0
1929-09-04,31.719999,31.719999,31.719999,31.719999,31.719999,0
1929-09-05,31.020000,31.020000,31.020000,31.020000,31.020000,0
1929-09-06,31.830000,31.830000,31.830000,31.830000,31.830000,0
1929-09-09,31.670000,31.670000,31.670000,31.670000,31.670000,0
1929-09-10,31.100000,31.100000,31.100000,31.100000,31.100000,0
1929-09-11,31.530001,31.530001,31.530001,31.530001,31.530001,0
1929-09-12,31.170000,31.170000,31.170000,31.170000,31.170000,0
1929-09-13,31.379999,31.379999,31.379999,31.379999,31.379999,0
1929-09-16,31.860001,31.860001,31.860001,31.860001,31.860001,0
1929-09-17,31.600000,31.600000,31.600000,31.600000,31.600000,0
1929-09-18,31.680000,31.680000,31.680000,31.680000,31.680000,0
1929-09-19,31.730000,31.730000,31.730000,31.730000,31.730000,0
1929-09-20,31.389999,31.389999,31.389999,31.389999,31.389999,0
1929-09-23,31.379999,31.379999,31.379999,31.379999,31.379999,0
1929-09-24,30.799999,30.799999,30.799999,30.799999,30.799999,0
1929-09-25,30.850000,30.850000,30.850000,30.850000,30.850000,0
1929-09-26,31.129999,31.129999,31.129999,31.129999,31.129999,0
1929-09-27,30.270000,30.270000,30.270000,30.270000,30.270000,0
1929-09-30,30.160000,30.160000,30.160000,30.160000,30.160000,0
1929-10-01,29.980000,29.980000,29.980000,29.980000,29.980000,0
1929-10-02,30.200001,30.200001,30.200001,30.200001,30.200001,0
1929-10-03,28.950001,28.950001,28.950001,28.950001,28.950001,0
1929-10-04,28.650000,28.650000,28.650000,28.650000,28.650000,0
1929-10-07,30.440001,30.440001,30.440001,30.440001,30.440001,0
1929-10-08,30.340000,30.340000,30.340000,30.340000,30.340000,0
1929-10-09,30.270000,30.270000,30.270000,30.270000,30.270000,0
1929-10-10,30.809999,30.809999,30.809999,30.809999,30.809999,0
1929-10-11,30.760000,30.760000,30.760000,30.760000,30.760000,0
1929-10-14,30.549999,30.549999,30.549999,30.549999,30.549999,0
1929-10-15,30.299999,30.299999,30.299999,30.299999,30.299999,0
1929-10-16,29.240000,29.240000,29.240000,29.240000,29.240000,0
1929-10-17,29.690001,29.690001,29.690001,29.690001,29.690001,0
1929-10-18,28.840000,28.840000,28.840000,28.840000,28.840000,0
1929-10-21,27.730000,27.730000,27.730000,27.730000,27.730000,0
1929-10-22,28.270000,28.270000,28.270000,28.270000,28.270000,0
1929-10-23,26.600000,26.600000,26.600000,26.600000,26.600000,0
1929-10-24,25.750000,25.750000,25.750000,25.750000,25.750000,0
1929-10-25,26.120001,26.120001,26.120001,26.120001,26.120001,0
1929-10-28,22.740000,22.740000,22.740000,22.740000,22.740000,0
1929-10-29,20.430000,20.430000,20.430000,20.430000,20.430000,0
1929-10-30,22.990000,22.990000,22.990000,22.990000,22.990000,0
1929-10-31,24.150000,24.150000,24.150000,24.150000,24.150000,0
1929-11-04,22.879999,22.879999,22.879999,22.879999,22.879999,0
1929-11-06,20.610001,20.610001,20.610001,20.610001,20.610001,0
1929-11-07,21.370001,21.370001,21.370001,21.370001,21.370001,0
1929-11-08,21.180000,21.180000,21.180000,21.180000,21.180000,0
1929-11-11,19.860001,19.860001,19.860001,19.860001,19.860001,0
1929-11-12,18.730000,18.730000,18.730000,18.730000,18.730000,0
1929-11-13,17.660000,17.660000,17.660000,17.660000,17.660000,0
1929-11-14,19.240000,19.240000,19.240000,19.240000,19.240000,0
1929-11-15,20.299999,20.299999,20.299999,20.299999,20.299999,0
1929-11-18,20.090000,20.090000,20.090000,20.090000,20.090000,0
1929-11-19,20.700001,20.700001,20.700001,20.700001,20.700001,0
1929-11-20,21.270000,21.270000,21.270000,21.270000,21.270000,0
1929-11-21,21.610001,21.610001,21.610001,21.610001,21.610001,0
1929-11-22,21.530001,21.530001,21.530001,21.530001,21.530001,0
1929-11-25,21.280001,21.280001,21.280001,21.280001,21.280001,0
1929-11-26,20.660000,20.660000,20.660000,20.660000,20.660000,0
1929-11-27,20.920000,20.920000,20.920000,20.920000,20.920000,0
1929-12-02,20.950001,20.950001,20.950001,20.950001,20.950001,0
1929-12-03,21.650000,21.650000,21.650000,21.650000,21.650000,0
1929-12-04,22.049999,22.049999,22.049999,22.049999,22.049999,0
1929-12-05,21.870001,21.870001,21.870001,21.870001,21.870001,0
1929-12-06,22.450001,22.450001,22.450001,22.450001,22.450001,0
1929-12-09,22.400000,22.400000,22.400000,22.400000,22.400000,0
1929-12-10,22.570000,22.570000,22.570000,22.570000,22.570000,0
1929-12-11,22.379999,22.379999,22.379999,22.379999,22.379999,0
1929-12-12,21.170000,21.170000,21.170000,21.170000,21.170000,0
1929-12-13,21.700001,21.700001,21.700001,21.700001,21.700001,0
1929-12-16,21.330000,21.330000,21.330000,21.330000,21.330000,0
1929-12-17,21.559999,21.559999,21.559999,21.559999,21.559999,0
1929-12-18,21.420000,21.420000,21.420000,21.420000,21.420000,0
1929-12-19,20.850000,20.850000,20.850000,20.850000,20.850000,0
1929-12-20,20.160000,20.160000,20.160000,20.160000,20.160000,0
1929-12-23,20.260000,20.260000,20.260000,20.260000,20.260000,0
1929-12-24,20.389999,20.389999,20.389999,20.389999,20.389999,0
1929-12-26,20.840000,20.840000,20.840000,20.840000,20.840000,0
1929-12-27,20.820000,20.820000,20.820000,20.820000,20.820000,0
1929-12-30,20.889999,20.889999,20.889999,20.889999,20.889999,0
1929-12-31,21.450001,21.450001,21.450001,21.450001,21.450001,0
1930-01-02,21.180000,21.180000,21.180000,21.180000,21.180000,0
1930-01-03,21.230000,21.230000,21.230000,21.230000,21.230000,0
1930-01-06,21.500000,21.500000,21.500000,21.500000,21.500000,0
1930-01-07,21.309999,21.309999,21.309999,21.309999,21.309999,0
1930-01-08,21.290001,21.290001,21.290001,21.290001,21.290001,0
1930-01-09,21.620001,21.620001,21.620001,21.620001,21.620001,0
1930-01-10,21.549999,21.549999,21.549999,21.549999,21.549999,0
1930-01-13,21.520000,21.520000,21.520000,21.520000,21.520000,0
1930-01-14,21.559999,21.559999,21.559999,21.559999,21.559999,0
1930-01-15,21.650000,21.650000,21.650000,21.650000,21.650000,0
1930-01-16,21.500000,21.500000,21.500000,21.500000,21.500000,0
1930-01-17,21.309999,21.309999,21.309999,21.309999,21.309999,0
1930-01-20,21.500000,21.500000,21.500000,21.500000,21.500000,0
1930-01-21,21.610001,21.610001,21.610001,21.610001,21.610001,0
1930-01-22,21.629999,21.629999,21.629999,21.629999,21.629999,0
1930-01-23,21.840000,21.840000,21.840000,21.840000,21.840000,0
1930-01-24,22.040001,22.040001,22.040001,22.040001,22.040001,0
1930-01-27,22.209999,22.209999,22.209999,22.209999,22.209999,0
1930-01-28,22.100000,22.100000,22.100000,22.100000,22.100000,0
1930-01-29,22.350000,22.350000,22.350000,22.350000,22.350000,0
1930-01-30,22.469999,22.469999,22.469999,22.469999,22.469999,0
1930-01-31,22.790001,22.790001,22.790001,22.790001,22.790001,0
1930-02-03,22.740000,22.740000,22.740000,22.740000,22.740000,0
1930-02-04,23.010000,23.010000,23.010000,23.010000,23.010000,0
1930-02-05,23.309999,23.309999,23.309999,23.309999,23.309999,0
1930-02-06,23.059999,23.059999,23.059999,23.059999,23.059999,0
1930-02-07,22.969999,22.969999,22.969999,22.969999,22.969999,0
1930-02-10,23.120001,23.120001,23.120001,23.120001,23.120001,0
1930-02-11,23.320000,23.320000,23.320000,23.320000,23.320000,0
1930-02-13,23.360001,23.360001,23.360001,23.360001,23.360001,0
1930-02-14,23.350000,23.350000,23.350000,23.350000,23.350000,0
1930-02-17,23.260000,23.260000,23.260000,23.260000,23.260000,0
1930-02-18,23.280001,23.280001,23.280001,23.280001,23.280001,0
1930-02-19,23.070000,23.070000,23.070000,23.070000,23.070000,0
1930-02-20,22.639999,22.639999,22.639999,22.639999,22.639999,0
1930-02-21,22.920000,22.920000,22.920000,22.920000,22.920000,0
1930-02-24,22.680000,22.680000,22.680000,22.680000,22.680000,0
1930-02-25,22.889999,22.889999,22.889999,22.889999,22.889999,0
1930-02-26,23.110001,23.110001,23.110001,23.110001,23.110001,0
1930-02-27,23.080000,23.080000,23.080000,23.080000,23.080000,0
1930-02-28,23.280001,23.280001,23.280001,23.280001,23.280001,0
1930-03-03,23.360001,23.360001,23.360001,23.360001,23.360001,0
1930-03-04,23.540001,23.540001,23.540001,23.540001,23.540001,0
1930-03-05,23.360001,23.360001,23.360001,23.360001,23.360001,0
1930-03-06,23.590000,23.590000,23.590000,23.590000,23.590000,0
1930-03-07,23.590000,23.590000,23.590000,23.590000,23.590000,0
1930-03-10,23.670000,23.670000,23.670000,23.670000,23.670000,0
1930-03-11,23.719999,23.719999,23.719999,23.719999,23.719999,0
1930-03-12,23.459999,23.459999,23.459999,23.459999,23.459999,0
1930-03-13,23.600000,23.600000,23.600000,23.600000,23.600000,0
1930-03-14,23.450001,23.450001,23.450001,23.450001,23.450001,0
1930-03-17,23.670000,23.670000,23.670000,23.670000,23.670000,0
1930-03-18,23.900000,23.900000,23.900000,23.900000,23.900000,0
1930-03-19,24.030001,24.030001,24.030001,24.030001,24.030001,0
1930-03-20,24.139999,24.139999,24.139999,24.139999,24.139999,0
1930-03-21,24.290001,24.290001,24.290001,24.290001,24.290001,0
1930-03-24,24.280001,24.280001,24.280001,24.280001,24.280001,0
1930-03-25,24.250000,24.250000,24.250000,24.250000,24.250000,0
1930-03-26,24.620001,24.620001,24.620001,24.620001,24.620001,0
1930-03-27,24.570000,24.570000,24.570000,24.570000,24.570000,0
1930-03-28,24.850000,24.850000,24.850000,24.850000,24.850000,0
1930-03-31,24.150000,24.150000,24.150000,24.150000,24.150000,0
1930-04-01,25.370001,25.370001,25.370001,25.370001,25.370001,0
1930-04-02,25.110001,25.110001,25.110001,25.110001,25.110001,0
1930-04-03,25.160000,25.160000,25.160000,25.160000,25.160000,0
1930-04-04,25.540001,25.540001,25.540001,25.540001,25.540001,0
1930-04-07,25.600000,25.600000,25.600000,25.600000,25.600000,0
1930-04-08,25.459999,25.459999,25.459999,25.459999,25.459999,0
1930-04-09,25.870001,25.870001,25.870001,25.870001,25.870001,0
1930-04-10,25.920000,25.920000,25.920000,25.920000,25.920000,0
1930-04-11,25.840000,25.840000,25.840000,25.840000,25.840000,0
1930-04-14,25.730000,25.730000,25.730000,25.730000,25.730000,0
1930-04-15,25.740000,25.740000,25.740000,25.740000,25.740000,0
1930-04-16,25.559999,25.559999,25.559999,25.559999,25.559999,0
1930-04-17,25.750000,25.750000,25.750000,25.750000,25.750000,0
1930-04-21,25.290001,25.290001,25.290001,25.290001,25.290001,0
1930-04-22,25.500000,25.500000,25.500000,25.500000,25.500000,0
1930-04-23,25.549999,25.549999,25.549999,25.549999,25.549999,0
1930-04-24,25.350000,25.350000,25.350000,25.350000,25.350000,0
1930-04-25,25.320000,25.320000,25.320000,25.320000,25.320000,0
1930-04-28,24.760000,24.760000,24.760000,24.760000,24.760000,0
1930-04-29,24.730000,24.730000,24.730000,24.730000,24.730000,0
1930-04-30,24.900000,24.900000,24.900000,24.900000,24.900000,0
1930-05-01,24.299999,24.299999,24.299999,24.299999,24.299999,0
1930-05-02,23.570000,23.570000,23.570000,23.570000,23.570000,0
1930-05-05,22.980000,22.980000,22.980000,22.980000,22.980000,0
1930-05-06,23.760000,23.760000,23.760000,23.760000,23.760000,0
1930-05-07,23.309999,23.309999,23.309999,23.309999,23.309999,0
1930-05-08,23.400000,23.400000,23.400000,23.400000,23.400000,0
1930-05-09,23.690001,23.690001,23.690001,23.690001,23.690001,0
1930-05-12,24.090000,24.090000,24.090000,24.090000,24.090000,0
1930-05-13,24.420000,24.420000,24.420000,24.420000,24.420000,0
1930-05-14,24.570000,24.570000,24.570000,24.570000,24.570000,0
1930-05-15,24.170000,24.170000,24.170000,24.170000,24.170000,0
1930-05-16,24.280001,24.280001,24.280001,24.280001,24.280001,0
1930-05-19,23.750000,23.750000,23.750000,23.750000,23.750000,0
1930-05-20,23.860001,23.860001,23.860001,23.860001,23.860001,0
1930-05-21,23.740000,23.740000,23.740000,23.740000,23.740000,0
1930-05-22,23.790001,23.790001,23.790001,23.790001,23.790001,0
1930-05-23,24.030001,24.030001,24.030001,24.030001,24.030001,0
1930-05-26,24.230000,24.230000,24.230000,24.230000,24.230000,0
1930-05-27,24.240000,24.240000,24.240000,24.240000,24.240000,0
1930-05-28,24.379999,24.379999,24.379999,24.379999,24.379999,0
1930-05-29,24.490000,24.490000,24.490000,24.490000,24.490000,0
1930-06-02,24.400000,24.400000,24.400000,24.400000,24.400000,0
1930-06-03,24.180000,24.180000,24.180000,24.180000,24.180000,0
1930-06-04,24.290001,24.290001,24.290001,24.290001,24.290001,0
1930-06-05,23.910000,23.910000,23.910000,23.910000,23.910000,0
1930-06-06,23.520000,23.520000,23.520000,23.520000,23.520000,0
1930-06-09,22.379999,22.379999,22.379999,22.379999,22.379999,0
1930-06-10,23.010000,23.010000,23.010000,23.010000,23.010000,0
1930-06-11,22.200001,22.200001,22.200001,22.200001,22.200001,0
1930-06-12,22.129999,22.129999,22.129999,22.129999,22.129999,0
1930-06-13,22.260000,22.260000,22.260000,22.260000,22.260000,0
1930-06-16,20.559999,20.559999,20.559999,20.559999,20.559999,0
1930-06-17,20.580000,20.580000,20.580000,20.580000,20.580000,0
1930-06-18,19.860001,19.860001,19.860001,19.860001,19.860001,0
1930-06-19,20.790001,20.790001,20.790001,20.790001,20.790001,0
1930-06-20,20.250000,20.250000,20.250000,20.250000,20.250000,0
1930-06-23,20.090000,20.090000,20.090000,20.090000,20.090000,0
1930-06-24,19.389999,19.389999,19.389999,19.389999,19.389999,0
1930-06-25,19.540001,19.540001,19.540001,19.540001,19.540001,0
1930-06-26,20.000000,20.000000,20.000000,20.000000,20.000000,0
1930-06-27,19.809999,19.809999,19.809999,19.809999,19.809999,0
1930-06-30,20.459999,20.459999,20.459999,20.459999,20.459999,0
1930-07-01,20.240000,20.240000,20.240000,20.240000,20.240000,0
1930-07-02,20.459999,20.459999,20.459999,20.459999,20.459999,0
1930-07-03,20.250000,20.250000,20.250000,20.250000,20.250000,0
1930-07-07,19.830000,19.830000,19.830000,19.830000,19.830000,0
1930-07-08,19.969999,19.969999,19.969999,19.969999,19.969999,0
1930-07-09,20.260000,20.260000,20.260000,20.260000,20.260000,0
1930-07-10,20.770000,20.770000,20.770000,20.770000,20.770000,0
1930-07-11,20.549999,20.549999,20.549999,20.549999,20.549999,0
1930-07-14,21.360001,21.360001,21.360001,21.360001,21.360001,0
1930-07-15,21.320000,21.320000,21.320000,21.320000,21.320000,0
1930-07-16,21.480000,21.480000,21.480000,21.480000,21.480000,0
1930-07-17,21.580000,21.580000,21.580000,21.580000,21.580000,0
1930-07-18,21.770000,21.770000,21.770000,21.770000,21.770000,0
1930-07-21,20.940001,20.940001,20.940001,20.940001,20.940001,0
1930-07-22,21.320000,21.320000,21.320000,21.320000,21.320000,0
1930-07-23,21.660000,21.660000,21.660000,21.660000,21.660000,0
1930-07-24,21.379999,21.379999,21.379999,21.379999,21.379999,0
1930-07-25,21.500000,21.500000,21.500000,21.500000,21.500000,0
1930-07-28,21.820000,21.820000,21.820000,21.820000,21.820000,0
1930-07-29,21.650000,21.650000,21.650000,21.650000,21.650000,0
1930-07-30,21.080000,21.080000,21.080000,21.080000,21.080000,0
1930-07-31,21.209999,21.209999,21.209999,21.209999,21.209999,0
1930-08-01,21.110001,21.110001,21.110001,21.110001,21.110001,0
1930-08-04,21.520000,21.520000,21.520000,21.520000,21.520000,0
1930-08-05,21.520000,21.520000,21.520000,21.520000,21.520000,0
1930-08-06,21.180000,21.180000,21.180000,21.180000,21.180000,0
1930-08-07,21.059999,21.059999,21.059999,21.059999,21.059999,0
1930-08-08,20.270000,20.270000,20.270000,20.270000,20.270000,0
1930-08-11,20.400000,20.400000,20.400000,20.400000,20.400000,0
1930-08-12,19.879999,19.879999,19.879999,19.879999,19.879999,0
1930-08-13,20.150000,20.150000,20.150000,20.150000,20.150000,0
1930-08-14,20.160000,20.160000,20.160000,20.160000,20.160000,0
1930-08-15,20.700001,20.700001,20.700001,20.700001,20.700001,0
1930-08-18,20.540001,20.540001,20.540001,20.540001,20.540001,0
1930-08-19,20.740000,20.740000,20.740000,20.740000,20.740000,0
1930-08-20,20.850000,20.850000,20.850000,20.850000,20.850000,0
1930-08-21,20.639999,20.639999,20.639999,20.639999,20.639999,0
1930-08-22,20.790001,20.790001,20.790001,20.790001,20.790001,0
1930-08-25,20.680000,20.680000,20.680000,20.680000,20.680000,0
1930-08-26,20.980000,20.980000,20.980000,20.980000,20.980000,0
1930-08-27,21.139999,21.139999,21.139999,21.139999,21.139999,0
1930-08-28,21.129999,21.129999,21.129999,21.129999,21.129999,0
1930-08-29,21.370001,21.370001,21.370001,21.370001,21.370001,0
1930-09-02,21.379999,21.379999,21.379999,21.379999,21.379999,0
1930-09-03,21.170000,21.170000,21.170000,21.170000,21.170000,0
1930-09-04,21.020000,21.020000,21.020000,21.020000,21.020000,0
1930-09-05,21.340000,21.340000,21.340000,21.340000,21.340000,0
1930-09-08,21.629999,21.629999,21.629999,21.629999,21.629999,0
1930-09-09,21.760000,21.760000,21.760000,21.760000,21.760000,0
1930-09-10,21.860001,21.860001,21.860001,21.860001,21.860001,0
1930-09-11,21.719999,21.719999,21.719999,21.719999,21.719999,0
1930-09-12,21.500000,21.500000,21.500000,21.500000,21.500000,0
1930-09-15,21.190001,21.190001,21.190001,21.190001,21.190001,0
1930-09-16,21.219999,21.219999,21.219999,21.219999,21.219999,0
1930-09-17,21.290001,21.290001,21.290001,21.290001,21.290001,0
1930-09-18,21.059999,21.059999,21.059999,21.059999,21.059999,0
1930-09-19,20.680000,20.680000,20.680000,20.680000,20.680000,0
1930-09-22,20.170000,20.170000,20.170000,20.170000,20.170000,0
1930-09-23,20.440001,20.440001,20.440001,20.440001,20.440001,0
1930-09-24,20.110001,20.110001,20.110001,20.110001,20.110001,0
1930-09-25,19.730000,19.730000,19.730000,19.730000,19.730000,0
1930-09-26,19.430000,19.430000,19.430000,19.430000,19.430000,0
1930-09-29,18.879999,18.879999,18.879999,18.879999,18.879999,0
1930-09-30,18.590000,18.590000,18.590000,18.590000,18.590000,0
1930-10-01,19.420000,19.420000,19.420000,19.420000,19.420000,0
1930-10-02,19.180000,19.180000,19.180000,19.180000,19.180000,0
1930-10-03,19.420000,19.420000,19.420000,19.420000,19.420000,0
1930-10-06,18.610001,18.610001,18.610001,18.610001,18.610001,0
1930-10-07,18.620001,18.620001,18.620001,18.620001,18.620001,0
1930-10-08,18.400000,18.400000,18.400000,18.400000,18.400000,0
1930-10-09,17.670000,17.670000,17.670000,17.670000,17.670000,0
1930-10-10,18.110001,18.110001,18.110001,18.110001,18.110001,0
1930-10-14,17.910000,17.910000,17.910000,17.910000,17.910000,0
1930-10-15,18.200001,18.200001,18.200001,18.200001,18.200001,0
1930-10-16,17.879999,17.879999,17.879999,17.879999,17.879999,0
1930-10-17,17.160000,17.160000,17.160000,17.160000,17.160000,0
1930-10-20,17.570000,17.570000,17.570000,17.570000,17.570000,0
1930-10-21,17.049999,17.049999,17.049999,17.049999,17.049999,0
1930-10-22,16.900000,16.900000,16.900000,16.900000,16.900000,0
1930-10-23,17.139999,17.139999,17.139999,17.139999,17.139999,0
1930-10-24,17.740000,17.740000,17.740000,17.740000,17.740000,0
1930-10-27,17.780001,17.780001,17.780001,17.780001,17.780001,0
1930-10-28,17.860001,17.860001,17.860001,17.860001,17.860001,0
1930-10-29,17.549999,17.549999,17.549999,17.549999,17.549999,0
1930-10-30,17.340000,17.340000,17.340000,17.340000,17.340000,0
1930-10-31,16.940001,16.940001,16.940001,16.940001,16.940001,0
1930-11-03,17.129999,17.129999,17.129999,17.129999,17.129999,0
1930-11-05,16.620001,16.620001,16.620001,16.620001,16.620001,0
1930-11-06,16.650000,16.650000,16.650000,16.650000,16.650000,0
1930-11-07,16.090000,16.090000,16.090000,16.090000,16.090000,0
1930-11-10,15.540000,15.540000,15.540000,15.540000,15.540000,0
1930-11-11,15.790000,15.790000,15.790000,15.790000,15.790000,0
1930-11-12,16.139999,16.139999,16.139999,16.139999,16.139999,0
1930-11-13,16.559999,16.559999,16.559999,16.559999,16.559999,0
1930-11-14,16.889999,16.889999,16.889999,16.889999,16.889999,0
1930-11-17,16.480000,16.480000,16.480000,16.480000,16.480000,0
1930-11-18,16.660000,16.660000,16.660000,16.660000,16.660000,0
1930-11-19,17.010000,17.010000,17.010000,17.010000,17.010000,0
1930-11-20,16.940001,16.940001,16.940001,16.940001,16.940001,0
1930-11-21,17.200001,17.200001,17.200001,17.200001,17.200001,0
1930-11-24,17.049999,17.049999,17.049999,17.049999,17.049999,0
1930-11-25,16.850000,16.850000,16.850000,16.850000,16.850000,0
1930-11-26,16.610001,16.610001,16.610001,16.610001,16.610001,0
1930-11-28,16.379999,16.379999,16.379999,16.379999,16.379999,0
1930-12-01,16.799999,16.799999,16.799999,16.799999,16.799999,0
1930-12-02,16.959999,16.959999,16.959999,16.959999,16.959999,0
1930-12-03,16.670000,16.670000,16.670000,16.670000,16.670000,0
1930-12-04,16.420000,16.420000,16.420000,16.420000,16.420000,0
1930-12-05,16.430000,16.430000,16.430000,16.430000,16.430000,0
1930-12-08,15.970000,15.970000,15.970000,15.970000,15.970000,0
1930-12-09,15.980000,15.980000,15.980000,15.980000,15.980000,0
1930-12-10,15.730000,15.730000,15.730000,15.730000,15.730000,0
1930-12-11,15.550000,15.550000,15.550000,15.550000,15.550000,0
1930-12-12,15.430000,15.430000,15.430000,15.430000,15.430000,0
1930-12-15,14.940000,14.940000,14.940000,14.940000,14.940000,0
1930-12-16,14.440000,14.440000,14.440000,14.440000,14.440000,0
1930-12-17,15.110000,15.110000,15.110000,15.110000,15.110000,0
1930-12-18,15.220000,15.220000,15.220000,15.220000,15.220000,0
1930-12-19,15.390000,15.390000,15.390000,15.390000,15.390000,0
1930-12-22,14.880000,14.880000,14.880000,14.880000,14.880000,0
1930-12-23,14.960000,14.960000,14.960000,14.960000,14.960000,0
1930-12-24,15.160000,15.160000,15.160000,15.160000,15.160000,0
1930-12-26,14.850000,14.850000,14.850000,14.850000,14.850000,0
1930-12-29,14.720000,14.720000,14.720000,14.720000,14.720000,0
1930-12-30,15.060000,15.060000,15.060000,15.060000,15.060000,0
1930-12-31,15.340000,15.340000,15.340000,15.340000,15.340000,0
1931-01-02,15.850000,15.850000,15.850000,15.850000,15.850000,0
1931-01-05,15.930000,15.930000,15.930000,15.930000,15.930000,0
1931-01-06,16.129999,16.129999,16.129999,16.129999,16.129999,0
1931-01-07,15.090000,15.090000,15.090000,15.090000,15.090000,0
1931-01-08,16.230000,16.230000,16.230000,16.230000,16.230000,0
1931-01-09,16.070000,16.070000,16.070000,16.070000,16.070000,0
1931-01-12,15.840000,15.840000,15.840000,15.840000,15.840000,0
1931-01-13,15.650000,15.650000,15.650000,15.650000,15.650000,0
1931-01-14,15.830000,15.830000,15.830000,15.830000,15.830000,0
1931-01-15,15.460000,15.460000,15.460000,15.460000,15.460000,0
1931-01-16,15.650000,15.650000,15.650000,15.650000,15.650000,0
1931-01-19,15.460000,15.460000,15.460000,15.460000,15.460000,0
1931-01-20,15.780000,15.780000,15.780000,15.780000,15.780000,0
1931-01-21,15.780000,15.780000,15.780000,15.780000,15.780000,0
1931-01-22,16.070000,16.070000,16.070000,16.070000,16.070000,0
1931-01-23,16.420000,16.420000,16.420000,16.420000,16.420000,0
1931-01-26,16.400000,16.400000,16.400000,16.400000,16.400000,0
1931-01-27,16.320000,16.320000,16.320000,16.320000,16.320000,0
1931-01-28,16.020000,16.020000,16.020000,16.020000,16.020000,0
1931-01-29,16.170000,16.170000,16.170000,16.170000,16.170000,0
1931-01-30,16.190001,16.190001,16.190001,16.190001,16.190001,0
1931-02-02,16.160000,16.160000,16.160000,16.160000,16.160000,0
1931-02-03,16.240000,16.240000,16.240000,16.240000,16.240000,0
1931-02-04,16.330000,16.330000,16.330000,16.330000,16.330000,0
1931-02-05,16.219999,16.219999,16.219999,16.219999,16.219999,0
1931-02-06,16.270000,16.270000,16.270000,16.270000,16.270000,0
1931-02-09,16.959999,16.959999,16.959999,16.959999,16.959999,0
1931-02-10,17.230000,17.230000,17.230000,17.230000,17.230000,0
1931-02-11,17.280001,17.280001,17.280001,17.280001,17.280001,0
1931-02-13,17.180000,17.180000,17.180000,17.180000,17.180000,0
1931-02-16,17.340000,17.340000,17.340000,17.340000,17.340000,0
1931-02-17,17.049999,17.049999,17.049999,17.049999,17.049999,0
1931-02-18,17.200001,17.200001,17.200001,17.200001,17.200001,0
